"item_a","veces_a","item_b","veces_b","distancia","similitud_tokens","recomendacion"
"DISCOS DE CLUTCH Y SEPARADORES","7","DISCOS Y SEPARADORES DE CLUTCH","3","20","1","Revisar si deben unificarse"
"DIRECCIONAL IZQUIERDA TRASERA","2","DIRECCIONAL TRASERA IZQUIERDA","1","12","1","Revisar si deben unificarse"
"PASTILLAS TRASERAS Y DELANTERAS","3","PASTILLAS DELANTERAS Y TRASERAS","3","10","1","Revisar si deben unificarse"
"CAMBIO GUAYA DE CLUTCH","3","CAMBIO DE GUAYA DE CLUTCH","1","3","1","Revisar si deben unificarse"
"CAMBIO DISCOS DE CLUTCH","4","CAMBIO DE DISCOS DE CLUTCH","1","3","1","Revisar si deben unificarse"
"MANO DE OBRA ACEITE","32","MANO DE OBRA CAMBIO DE ACEITE","2","10","0,8","Revisar si deben unificarse"
"MANO DE OBRA FILTRO DE AIRE","6","MANO DE OBRA FILTRO","2","8","0,8","Revisar si deben unificarse"
"1 4 DE ACEITE","7","1 4 DE ACEITE 20W50","1","6","0,8","Revisar si deben unificarse"
"CAMBIO DE ACEITE 7100","4","CAMBIO DE ACEITE MOTUL 7100","3","6","0,8","Revisar si deben unificarse"
"CAMBIO DE ACEITE 10W50","3","CAMBIO DE ACEITE ENI 10W50","2","4","0,8","Revisar si deben unificarse"
"CAMBIO DE ACEITE 10W40","12","CAMBIO DE ACEITE ENI 10W40","2","4","0,8","Revisar si deben unificarse"
"ENSAMBLE Y DESENSAMBLE DE MOTOR","1","ENSAMBLE Y DESENSAMBLE MOTOR","1","3","0,8","Revisar si deben unificarse"
"MANTENIMIENTO Y RETEN DE CLUTCH","67","MANTENIMIENTO RETEN DE CLUTCH","2","2","0,8","Revisar si deben unificarse"
"EXTRACCION DE TORNILLO","7","EXTRACCION TORNILLO DE MORDAZA","2","14","0,75","Revisar si deben unificarse"
"ARREGLO DE PRENSA","6","ARREGLO PRENSA DE CLUTCH","1","13","0,75","Revisar si deben unificarse"
"PINTURA DE TAPA","3","PINTURA TAPA DE EXOSTO","2","11","0,75","Revisar si deben unificarse"
"PINTURA TAPAS DE MOTOR","21","PINTURA DE TAPAS","4","11","0,75","Revisar si deben unificarse"
"ARREGLO DE FUGA","2","ARREGLO FUGA DE ACEITE","1","11","0,75","Revisar si deben unificarse"
"MANO DE OBRA","401","MANO DE OBRA PASTILLAS","1","10","0,75","Revisar si deben unificarse"
"FUGA DE ACEITE","3","FUGA ENFRIADOR DE ACEITE","1","10","0,75","Revisar si deben unificarse"
"PINTURA TAPA DE MOTOR","6","PINTURA DE TAPA","3","10","0,75","Revisar si deben unificarse"
"MANTENIMIENTO DE CLUTCH","17","MANTENIMIENTO MANIGUETA DE CLUTCH","1","10","0,75","Revisar si deben unificarse"
"ARREGLO MANGUERAS DE RADIADOR","2","ARREGLO DE RADIADOR","2","10","0,75","Revisar si deben unificarse"
"ARREGLO DE RIN","7","ARREGLO DE RIN DELANTERO","1","10","0,75","Revisar si deben unificarse"
"DISCO DE FRENO","2","DISCO DE FRENO DELANTERO","1","10","0,75","Revisar si deben unificarse"
"CAMBIO DE LLANTA","20","CAMBIO DE LLANTA DELANTERA","2","10","0,75","Revisar si deben unificarse"
"MANO DE OBRA","401","MANO DE OBRA CADENILLA","4","10","0,75","Revisar si deben unificarse"
"PINTURA DE TAPAS","4","PINTURA TAPAS DE MOTOS","1","10","0,75","Revisar si deben unificarse"
"PINTURA Y RETOQUES","3","PINTURA PARRILLA Y RETOQUES","2","9","0,75","Revisar si deben unificarse"
"MANO DE OBRA","401","MANO DE OBRA ANILLADA","1","9","0,75","Revisar si deben unificarse"
"FILTRO DE ACEITE","615","FILTRO DE ACEITE ORIGINAL","1","9","0,75","Revisar si deben unificarse"
"SENSOR DE CAMBIOS","2","SENSOR POSICION DE CAMBIOS","1","9","0,75","Revisar si deben unificarse"
"MANTENIMIENTO DE MANDO","1","MANTENIMIENTO DE MANDO DERECHO","1","8","0,75","Revisar si deben unificarse"
"MANO DE OBRA","401","MANO DE OBRA COCUYOS","2","8","0,75","Revisar si deben unificarse"
"CAMBIO DE LLANTA","20","CAMBIO DE LLANTA TRASERA","2","8","0,75","Revisar si deben unificarse"
"PINTURA TAPA LATERAL DERECHA","1","PINTURA TAPA LATERAL","1","8","0,75","Revisar si deben unificarse"
"PINTURA TAPA DERECHA","2","PINTURA TAPA LATERAL DERECHA","1","8","0,75","Revisar si deben unificarse"
"BOMBA DE FRENO","2","BOMBA DE FRENO TRASERO","1","8","0,75","Revisar si deben unificarse"
"MANO DE OBRA","401","MANO DE OBRA CAUCHOS","1","8","0,75","Revisar si deben unificarse"
"ARREGLO DE GATO","2","ARREGLO DE GATO CENTRAL","1","8","0,75","Revisar si deben unificarse"
"MANO DE OBRA","401","MANO DE OBRA BOBINAS","2","8","0,75","Revisar si deben unificarse"
"SINCRONIZACION Y MANTENIMIENTO GENERAL","47","SINCRONIZACION Y MANTENIMIENTO","2","8","0,75","Revisar si deben unificarse"
"RETEN DE BARRA","27","RETEN DE BARRA DERECHA","1","8","0,75","Revisar si deben unificarse"
"MANO DE OBRA","401","MANO DE OBRA BATERIA","1","8","0,75","Revisar si deben unificarse"
"MANO DE OBRA","401","MANO DE OBRA GENERAL","9","8","0,75","Revisar si deben unificarse"
"MANTENIMIENTO DE BARRA","54","MANTENIMIENTO DE BARRA DERECHA","8","8","0,75","Revisar si deben unificarse"
"MANO DE OBRA","401","MANO DE OBRA VENDIX","2","7","0,75","Revisar si deben unificarse"
"TENSOR DE CADENILLA","11","TENSOR DE CADENILLA MANUAL","1","7","0,75","Revisar si deben unificarse"
"MANO DE OBRA","401","MANO DE OBRA BARRAS","10","7","0,75","Revisar si deben unificarse"
"MANO DE OBRA","401","MANO DE OBRA ACEITE","32","7","0,75","Revisar si deben unificarse"
"MANO DE OBRA","401","MANO DE OBRA CLUTCH","2","7","0,75","Revisar si deben unificarse"
"MANO DE OBRA","401","MANO DE OBRA TANQUE","1","7","0,75","Revisar si deben unificarse"
"MANO DE OBRA","401","MANO DE OBRA PRENSA","2","7","0,75","Revisar si deben unificarse"
"MANO DE OBRA","401","MANO DE OBRA DISCOS","4","7","0,75","Revisar si deben unificarse"
"CAMBIO DE CADENILLA","4","CAMBIO TENSOR DE CADENILLA","2","7","0,75","Revisar si deben unificarse"
"PINTURA TAPA EXOSTO","2","PINTURA TAPA EXOSTO LAVADA","1","7","0,75","Revisar si deben unificarse"
"MANO DE OBRA","401","MANO DE OBRA MOTOTR","1","7","0,75","Revisar si deben unificarse"
"MANO DE OBRA","401","MANO DE OBRA FILTRO","2","7","0,75","Revisar si deben unificarse"
"MANO DE OBRA","401","MANO DE OBRA MOPTOR","1","7","0,75","Revisar si deben unificarse"
"MANO DE OBRA","401","MANO DE OBRA CORONA","5","7","0,75","Revisar si deben unificarse"
"SELLOS DE AGUA","1","SELLOS BOMBA DE AGUA","1","6","0,75","Revisar si deben unificarse"
"CAMBIO DE ACEITE","633","CAMBIO DE ACEITE 10W40","12","6","0,75","Revisar si deben unificarse"
"MANO DE OBRA","401","MANO DE OBRA BARRA","9","6","0,75","Revisar si deben unificarse"
"MANTENIMIENTO DE CLUTCH","17","MANTENIMIENTO RETEN DE CLUTCH","2","6","0,75","Revisar si deben unificarse"
"MANO DE OBRA","401","MANO DE OBRA CUNAS","5","6","0,75","Revisar si deben unificarse"
"MANTENIMIENTO DE CLUTCH","17","MANTENIMIENTO BOMBA DE CLUTCH","5","6","0,75","Revisar si deben unificarse"
"MANTENIMIENTO DE CLUTCH","17","MANTENIMIENTO GUAYA DE CLUTCH","3","6","0,75","Revisar si deben unificarse"
"MANO DE OBRA","401","MANO DE OBRA RETEN","1","6","0,75","Revisar si deben unificarse"
"MANO DE OBRA","401","MANO DE OBRA BUJES","1","6","0,75","Revisar si deben unificarse"
"MANO DE OBRA","401","MANO DE OBRA DISCO","2","6","0,75","Revisar si deben unificarse"
"MANO DE OBRA","401","MANO DE OBRA MOTOR","19","6","0,75","Revisar si deben unificarse"
"CAMBIO DE ACEITE","633","CAMBIO DE ACEITE 15W50","2","6","0,75","Revisar si deben unificarse"
"ENSAMBLE Y DESENSAMBLE","2","ENSAMBLE Y DESENSAMBLE MOTOR","1","6","0,75","Revisar si deben unificarse"
"RELAY MOTOR DE ARRANQUE","1","RELAY DE ARRANQUE","1","6","0,75","Revisar si deben unificarse"
"SELLO DE AGUA","4","SELLO BOMBA DE AGUA","1","6","0,75","Revisar si deben unificarse"
"CAMBIO DE ACEITE","633","CAMBIO DE ACEITE 10W50","3","6","0,75","Revisar si deben unificarse"
"CAMBIO DE ACEITE","633","CAMBIO DE ACEITE 20W50","8","6","0,75","Revisar si deben unificarse"
"LUBRICACION DE CLUTCH","3","LUBRICACION GUAYA DE CLUTCH","2","6","0,75","Revisar si deben unificarse"
"CAMBIO DE ACEITE","633","CAMBIO DE ACEITE 7100","4","5","0,75","Revisar si deben unificarse"
"CAMBIO DE ACEITE","633","CAMBIO DE ACEITE FULL","2","5","0,75","Revisar si deben unificarse"
"MANTENIMIENTO DE BARRA","54","MANTENIMIENTO DE BARRA DER","1","4","0,75","Revisar si deben unificarse"
"FILTRO DE ACEITE","615","FILTRO DE ACEITE KYN","1","4","0,75","Revisar si deben unificarse"
"RETEN DE AGUA","1","RETEN KIT DE AGUA","1","4","0,75","Revisar si deben unificarse"
"FILTRO DE AIRE","193","FILTRO DE AIRE KYN","2","4","0,75","Revisar si deben unificarse"
"MANTENIMIENTO DE BARRA","54","MANTENIMIENTO DE BARRA IZQ","2","4","0,75","Revisar si deben unificarse"
"MANO DE OBRA","401","MANO DE OBRA RIN","4","4","0,75","Revisar si deben unificarse"
"PINTURA TAPA EXOSTO","2","PINTURA TAPA DE EXOSTO","2","3","0,75","Revisar si deben unificarse"
"MANTENIMIENTO BARRA IZQ","4","MANTENIMIENTO DE BARRA IZQ","2","3","0,75","Revisar si deben unificarse"
"MANTENIMIENTO BARRA DERECHA","11","MANTENIMIENTO DE BARRA DERECHA","8","3","0,75","Revisar si deben unificarse"
"PINTURA TAPAS DE MOTOR","21","PINTURA TAPAS MOTOR","3","3","0,75","Revisar si deben unificarse"
"CAMBIO LLANTA TRASERA","6","CAMBIO DE LLANTA TRASERA","2","3","0,75","Revisar si deben unificarse"
"1 4 DE ACEITE","7","1 4 ACEITE","3","3","0,75","Revisar si deben unificarse"
"ARREGLO GATO CENTRAL","1","ARREGLO DE GATO CENTRAL","1","3","0,75","Revisar si deben unificarse"
"CAMBIO DE DISCO TRASERO","2","CAMBIO DISCO TRASERO","2","3","0,75","Revisar si deben unificarse"
"CAMBIO DE LLANTA DELANTERA","2","CAMBIO LLANTA DELANTERA","2","3","0,75","Revisar si deben unificarse"
"ARREGLO RIN DELANTERO","8","ARREGLO DE RIN DELANTERO","1","3","0,75","Revisar si deben unificarse"
"ARREGLO FUGA","4","ARREGLO FUGA CKP","2","4","0,67","Revisar si deben unificarse"
"CORRECCION FUGA CKP","8","CORRECCION FUGA","6","4","0,67","Revisar si deben unificarse"
"TAPIZADO SILLIN","6","TAPIZADO DE SILLIN","1","3","0,67","Revisar si deben unificarse"
"TAPIZADO SILLA","12","TAPIZADO DE SILLA","6","3","0,67","Revisar si deben unificarse"
"ARREGLO BOBINAS","3","ARREGLO DE BOBINAS","1","3","0,67","Revisar si deben unificarse"
"INSTALACION DE EXPLORADORAS","15","INSTALACION EXPLORADORAS","9","3","0,67","Revisar si deben unificarse"
"SERVICIO DE SCANNER","5","SERVICIO SCANNER","1","3","0,67","Revisar si deben unificarse"
"MANTENIMIENTO DE BARRAS","54","MANTENIMIENTO BARRAS","1","3","0,67","Revisar si deben unificarse"
"TAPIZADO SILLAS","4","TAPIZADO DE SILLAS","4","3","0,67","Revisar si deben unificarse"
"PULIDA DE VISOR","7","PULIDA VISOR","2","3","0,67","Revisar si deben unificarse"
"CORRECCION DE FUGA","7","CORRECCION FUGA","6","3","0,67","Revisar si deben unificarse"
"SOLDADURA DE EXOSTO","1","SOLDADURA EXOSTO","1","3","0,67","Revisar si deben unificarse"
"SOLDADURA DE RIN","2","SOLDADURA RIN","1","3","0,67","Revisar si deben unificarse"
"EXTRACCION DE TORNILLO","7","EXTRACCION TORNILLO","2","3","0,67","Revisar si deben unificarse"
"GUAYAS DE ACELERADOR","7","GUAYAS ACELERADOR","1","3","0,67","Revisar si deben unificarse"
"EMBOBINADO CORONA","11","EMBOBINADO DE CORONA","3","3","0,67","Revisar si deben unificarse"
"BOMBILLO STOP","2","BOMBILLO DE STOP","2","3","0,67","Revisar si deben unificarse"
"TAPIZADO SILLAS","4","TAPIZADO SE SILLAS","1","3","0,67","Revisar si deben unificarse"
"BOMBILLOS LED","10","BOMBILLOS LED H7","1","3","0,67","Revisar si deben unificarse"
"RADIOS TRASEROS","1","RADIOS TRASEROS X6","1","3","0,67","Revisar si deben unificarse"
"REVISION DE BOBINAS","2","REVISION BOBINAS","1","3","0,67","Revisar si deben unificarse"
"ARREGLO TAPAS","5","ARREGLO DE TAPAS","5","3","0,67","Revisar si deben unificarse"
"ARREGLO DE PITOS","1","ARREGLO PITOS","1","3","0,67","Revisar si deben unificarse"
"ARREGLO EXOSTO","4","ARREGLO DE EXOSTO","2","3","0,67","Revisar si deben unificarse"
"ARREGLO CALEFACTORES","5","ARREGLO DE CALEFACTORES","2","3","0,67","Revisar si deben unificarse"
"ARREGLO RIN","7","ARREGLO DE RIN","7","3","0,67","Revisar si deben unificarse"
"ARREGLO RADIADOR","9","ARREGLO DE RADIADOR","2","3","0,67","Revisar si deben unificarse"
"ARREGLO DE PRENSA","6","ARREGLO PRENSA","2","3","0,67","Revisar si deben unificarse"
"ARREGLO BOBINA","7","ARREGLO DE BOBINA","2","3","0,67","Revisar si deben unificarse"
"ARREGLO EXPLORADORA","1","ARREGLO DE EXPLORADORA","1","3","0,67","Revisar si deben unificarse"
"ARREGLO DEFENSAS","3","ARREGLO DE DEFENSAS","1","3","0,67","Revisar si deben unificarse"
"ARREGLO GATO","2","ARREGLO DE GATO","2","3","0,67","Revisar si deben unificarse"
"ARREGLO SWITCH","2","ARREGLO DE SWITCH","2","3","0,67","Revisar si deben unificarse"
"ARREGLO FAROLA","4","ARREGLO DE FAROLA","2","3","0,67","Revisar si deben unificarse"
"ARREGLO FUGA","4","ARREGLO DE FUGA","2","3","0,67","Revisar si deben unificarse"
"ARREGLO RINES","3","ARREGLO DE RINES","1","3","0,67","Revisar si deben unificarse"
"ARREGLO ESPEJO","4","ARREGLO DE ESPEJO","1","3","0,67","Revisar si deben unificarse"
"MANTENIMIENTO MORDAZAS","3","MANTENIMIENTO DE MORDAZAS","1","3","0,67","Revisar si deben unificarse"
"MANTENIMIENTO TRAPECIO","5","MANTENIMIENTO DE TRAPECIO","2","3","0,67","Revisar si deben unificarse"
"ABRAZADERA DE GUARDABARRO","2","ABRAZADERA GUARDABARRO","1","3","0,67","Revisar si deben unificarse"
"MANTENIMIENTO DE RODAMIENTOS","2","MANTENIMIENTO RODAMIENTOS","1","3","0,67","Revisar si deben unificarse"
"GUAYA DE ACELERADOR","20","GUAYA ACELERADOR","1","3","0,67","Revisar si deben unificarse"
"MANTENIMIENTO DE CARDAN","49","MANTENIMIENTO CARDAN","4","3","0,67","Revisar si deben unificarse"
"MANTENIMIENTO DE BOBINAS","5","MANTENIMIENTO BOBINAS","4","3","0,67","Revisar si deben unificarse"
"PINTURA TAPAS","4","PINTURA DE TAPAS","4","3","0,67","Revisar si deben unificarse"
"RETOQUES DE CHASIS","2","RETOQUES CHASIS","1","3","0,67","Revisar si deben unificarse"
"TAPA DE RADIADOR","28","TAPA RADIADOR","5","3","0,67","Revisar si deben unificarse"
"ARREGLO ABS","28","ARREGLO DE ABS","2","3","0,67","Revisar si deben unificarse"
"ARREGLO AMORTIGUADOR","29","ARREGLO DE AMORTIGUADOR","3","3","0,67","Revisar si deben unificarse"
"PINTURA DE TANQUE","10","PINTURA TANQUE","3","3","0,67","Revisar si deben unificarse"
"PINTURA DE MANIJAS","5","PINTURA MANIJAS","2","3","0,67","Revisar si deben unificarse"
"DEPURACION ABS","105","DEPURACION DE ABS","2","3","0,67","Revisar si deben unificarse"
"ACEITE MOTOR","10","ACEITE DE MOTOR","8","3","0,67","Revisar si deben unificarse"
"CAMBIO DE MANGUERA","2","CAMBIO MANGUERA","2","3","0,67","Revisar si deben unificarse"
"CAMBIO DE VALVULINA","7","CAMBIO VALVULINA","4","3","0,67","Revisar si deben unificarse"
"CAMBIO DE REFRIGERANTE","4","CAMBIO REFRIGERANTE","4","3","0,67","Revisar si deben unificarse"
"CAMBIO MANUBRIO","2","CAMBIO DE MANUBRIO","2","3","0,67","Revisar si deben unificarse"
"ARREGLO 3 BOBINAS","3","ARREGLO BOBINAS","3","2","0,67","Revisar si deben unificarse"
"ARREGLO BOBINA","7","ARREGLO 1 BOBINA","4","2","0,67","Revisar si deben unificarse"
"ARREGLO BOBINAS","3","ARREGLO 2 BOBINAS","3","2","0,67","Revisar si deben unificarse"
"CAMBIO DE ACEITE ENI 10W40","2","CAMBIO DE ACEITE ENI 10W50","2","1","0,67","Revisar si deben unificarse"
"MANTENIMIENTO Y RETEN DE CLUTCH","67","MANTENIMIENTO Y RTEN DE CLUTCH","1","1","0,67","Revisar si deben unificarse"
"MANTENIMIENTO Y RETEN DE CLUTCH","67","MANTENIMIENTO Y RETEN DE LUTCH","1","1","0,67","Revisar si deben unificarse"
"MANO DE OBRA CUNAS","5","MANO DE OBRA CLUTCH","2","4","0,6","Revisar si deben unificarse"
"MANO DE OBRA CUNAS","5","MANO DE OBRA BOBINAS","2","4","0,6","Revisar si deben unificarse"
"MANO DE OBRA CUNAS","5","MANO DE OBRA COCUYOS","2","4","0,6","Revisar si deben unificarse"
"MANO DE OBRA CORONA","5","MANO DE OBRA PRENSA","2","4","0,6","Revisar si deben unificarse"
"MANO DE OBRA CORONA","5","MANO DE OBRA RIN","4","4","0,6","Revisar si deben unificarse"
"MANO DE OBRA CORONA","5","MANO DE OBRA BOBINAS","2","4","0,6","Revisar si deben unificarse"
"MANO DE OBRA CUNAS","5","MANO DE OBRA RIN","4","4","0,6","Revisar si deben unificarse"
"MANO DE OBRA CORONA","5","MANO DE OBRA MOTOTR","1","4","0,6","Revisar si deben unificarse"
"MANO DE OBRA COCUYOS","2","MANO DE OBRA CAUCHOS","1","4","0,6","Revisar si deben unificarse"
"MANO DE OBRA DISCOS","4","MANO DE OBRA CAUCHOS","1","4","0,6","Revisar si deben unificarse"
"MANO DE OBRA CLUTCH","2","MANO DE OBRA CAUCHOS","1","4","0,6","Revisar si deben unificarse"
"MANO DE OBRA PRENSA","2","MANO DE OBRA RETEN","1","4","0,6","Revisar si deben unificarse"
"MANO DE OBRA RIN","4","MANO DE OBRA DISCO","2","4","0,6","Revisar si deben unificarse"
"MANO DE OBRA CUNAS","5","MANO DE OBRA CAUCHOS","1","4","0,6","Revisar si deben unificarse"
"MANO DE OBRA RETEN","1","MANO DE OBRA BUJES","1","4","0,6","Revisar si deben unificarse"
"MANO DE OBRA RIN","4","MANO DE OBRA PRENSA","2","4","0,6","Revisar si deben unificarse"
"MANO DE OBRA ACEITE","32","MANO DE OBRA RETEN","1","4","0,6","Revisar si deben unificarse"
"ARREGLO BOMBA DE CLUTCH","2","ARREGLO BASE DE CLUTCH","1","4","0,6","Revisar si deben unificarse"
"MANO DE OBRA MOTOR","19","MANO DE OBRA CORONA","5","4","0,6","Revisar si deben unificarse"
"CAMBIO DE ACEITE 7100","4","CAMBIO DE ACEITE FULL","2","4","0,6","Revisar si deben unificarse"
"MANO DE OBRA MOTOR","19","MANO DE OBRA RETEN","1","4","0,6","Revisar si deben unificarse"
"CAMBIO DE ACEITE 20W50","8","CAMBIO DE ACEITE 7100","4","4","0,6","Revisar si deben unificarse"
"MANO DE OBRA DISCO","2","MANO DE OBRA FILTRO","2","4","0,6","Revisar si deben unificarse"
"PINTURA TAPA DE MOTOR","6","PINTURA TAPA DE EXOSTO","2","4","0,6","Revisar si deben unificarse"
"MANTENIMIENTO DE BARRA DERECHA","8","MANTENIMIENTO DE BARRA DER","1","4","0,6","Revisar si deben unificarse"
"MANTENIMIENTO BOMBA DE CLUTCH","5","MANTENIMIENTO GUAYA DE CLUTCH","3","4","0,6","Revisar si deben unificarse"
"MANO DE OBRA BARRAS","10","MANO DE OBRA CUNAS","5","4","0,6","Revisar si deben unificarse"
"MANO DE OBRA CORONA","5","MANO DE OBRA CUNAS","5","4","0,6","Revisar si deben unificarse"
"MANO DE OBRA BARRA","9","MANO DE OBRA CORONA","5","4","0,6","Revisar si deben unificarse"
"CAMBIO DE ACEITE 7100","4","CAMBIO DE ACEITE 15W50","2","4","0,6","Revisar si deben unificarse"
"MANO DE OBRA BARRA","9","MANO DE OBRA BUJES","1","4","0,6","Revisar si deben unificarse"
"MANO DE OBRA BARRAS","10","MANO DE OBRA BOBINAS","2","4","0,6","Revisar si deben unificarse"
"MANO DE OBRA BARRA","9","MANO DE OBRA RIN","4","4","0,6","Revisar si deben unificarse"
"MANO DE OBRA BARRAS","10","MANO DE OBRA BUJES","1","4","0,6","Revisar si deben unificarse"
"MANO DE OBRA BARRAS","10","MANO DE OBRA BATERIA","1","4","0,6","Revisar si deben unificarse"
"CAMBIO DE ACEITE 7100","4","CAMBIO DE ACEITE 10W50","3","3","0,6","Revisar si deben unificarse"
"1 BOBINA DE SEGUNDA","2","1 BUJIA DE SEGUNDA","1","3","0,6","Revisar si deben unificarse"
"MANTENIMIENTO DE BARRA IZQ","2","MANTENIMIENTO DE BARRA DER","1","3","0,6","Revisar si deben unificarse"
"CAMBIO DE ACEITE 10W40","12","CAMBIO DE ACEITE 7100","4","3","0,6","Revisar si deben unificarse"
"MANO DE OBRA CUNAS","5","MANO DE OBRA BUJES","1","3","0,6","Revisar si deben unificarse"
"FILTRO DE AIRE KYN","2","FILTRO DE ACEITE KYN","1","3","0,6","Revisar si deben unificarse"
"MANO DE OBRA RIN","4","MANO DE OBRA RETEN","1","3","0,6","Revisar si deben unificarse"
"MANO DE OBRA BARRA","9","MANO DE OBRA BATERIA","1","3","0,6","Revisar si deben unificarse"
"CAMBIO FILTROS DE AIRE","1","CAMBIO DFILTRO DE AIRE","1","2","0,6","Revisar si deben unificarse"
"CAMBIO DE ACEITE 10W40","12","CAMBIO DE ACEITE 20W50","8","2","0,6","Revisar si deben unificarse"
"CAMBIO DE ACEITE 10W40","12","CAMBIO DE ACEITE 15W50","2","2","0,6","Revisar si deben unificarse"
"MANO DE OBRA MOPTOR","1","MANO DE OBRA MOTOTR","1","2","0,6","Revisar si deben unificarse"
"PINTURA TAPA DE MOTOR","6","PINTURA TPAS DE MOTOR","1","2","0,6","Revisar si deben unificarse"
"CAMBIO DE ACEITE 20W50","8","CAMBIO DE ACEITE 15W50","2","2","0,6","Revisar si deben unificarse"
"CAMBIO LIQUIDO DE FRENOS","7","CAMBIO LIQUIDO DE FRNEOS","1","2","0,6","Revisar si deben unificarse"
"MANO DE OBRA MOTOR","19","MANO DE OBRA MOPTOR","1","1","0,6","Revisar si deben unificarse"
"PINTURA TAPAS DE MOTOR","21","PINTURA TPAS DE MOTOR","1","1","0,6","Revisar si deben unificarse"
"PASTILLAS DELANTERAS Y TRASERAS","3","PASTILLAS DELANTERAS Y TRASERA","1","1","0,6","Revisar si deben unificarse"
"CAMBIO DE ACEITE 10W50","3","CAMBIO DE ACEITE 15W50","2","1","0,6","Revisar si deben unificarse"
"CAMBIO DE ACEITE 20W50","8","CAMBIO DE ACEITE 10W50","3","1","0,6","Revisar si deben unificarse"
"MANTENIMIENTO KIT DE ARRASTRE","18","MANTENIMIENTO KIT DE ARRSTRE","2","1","0,6","Revisar si deben unificarse"
"CAMBIO DE ACEITE 10W40","12","CAMBIO DE ACEITE 10W50","3","1","0,6","Revisar si deben unificarse"
"MANO DE OBRA DISCOS","4","MANO DE OBRA DISCO","2","1","0,6","Revisar si deben unificarse"
"CAMBIO FILTRO DE AIRE","26","CAMBIO FILTROS DE AIRE","1","1","0,6","Revisar si deben unificarse"
"CAMBIO FILTRO DE AIRE","26","CAMBIO DFILTRO DE AIRE","1","1","0,6","Revisar si deben unificarse"
"PINTURA TAPAS DE MOTOR","21","PINTURA TAPA DE MOTOR","6","1","0,6","Revisar si deben unificarse"
"1 4 DE ACEITE","7","1 4 DE SCEITE","1","1","0,6","Revisar si deben unificarse"
"PINTURA TAPAS DE MOTOR","21","PINTURA TAPAS DE MOTOS","1","1","0,6","Revisar si deben unificarse"
"MANO DE OBRA BARRAS","10","MANO DE OBRA BARRA","9","1","0,6","Revisar si deben unificarse"
"MANO DE OBRA MOTOR","19","MANO DE OBRA MOTOTR","1","1","0,6","Revisar si deben unificarse"
"CAMBIO DE AEITE","3","CAMBIO DE GATO","1","4","0,5","Revisar si deben unificarse"
"ARREGLO DE ABS","2","ARREGLO DE PITOS","1","4","0,5","Revisar si deben unificarse"
"ARREGLO DE MANDO","2","ARREGLO DE ABS","2","4","0,5","Revisar si deben unificarse"
"ARREGLO DE MANDO","2","ARREGLO DE RINES","1","4","0,5","Revisar si deben unificarse"
"ARREGLO DE SWITCH","2","ARREGLO DE STOP","2","4","0,5","Revisar si deben unificarse"
"ARREGLO DE SWITCH","2","ARREGLO DE PITOS","1","4","0,5","Revisar si deben unificarse"
"ARREGLO DE ABS","2","ARREGLO DE STOP","2","4","0,5","Revisar si deben unificarse"
"ARREGLO STAY FRONTAL","2","ARREGLO LUZ FRONTAL","1","4","0,5","Revisar si deben unificarse"
"ARREGLO DE ABS","2","ARREGLO DE RINES","1","4","0,5","Revisar si deben unificarse"
"ARREGLO DE BARRAS","3","ARREGLO DE ABS","2","4","0,5","Revisar si deben unificarse"
"ARREGLO DE BARRAS","3","ARREGLO DE FAROLA","2","4","0,5","Revisar si deben unificarse"
"ARREGLO DE BARRAS","3","ARREGLO DE BOBINAS","1","4","0,5","Revisar si deben unificarse"
"ARREGLO TAPA EXOSTO","3","ARREGLO DE EXOSTO","2","4","0,5","Revisar si deben unificarse"
"CAMBIO DE LLANTAS","25","CAMBIO DE PLACA","1","4","0,5","Revisar si deben unificarse"
"CAMBIO DE GUAYAS","2","CAMBIO DE GATO","1","4","0,5","Revisar si deben unificarse"
"CAMBIO DE GUAYAS","2","CAMBIO DE LUCES","1","4","0,5","Revisar si deben unificarse"
"CAMBIO DE BARRA","2","CAMBIO DE PLACA","1","4","0,5","Revisar si deben unificarse"
"CAMBIO DE BARRA","2","CAMBIO DE GATO","1","4","0,5","Revisar si deben unificarse"
"CAMBIO DE BARRA","2","CAMBIO DE BOBINA","1","4","0,5","Revisar si deben unificarse"
"ARREGLO DE EXOSTO","2","ARREGLO DE GATO","2","4","0,5","Revisar si deben unificarse"
"CAMBIO DE MANGUERA","2","CAMBIO DE MANUBRIO","2","4","0,5","Revisar si deben unificarse"
"ARREGLO DE FUGA","2","ARREGLO DE STOP","2","4","0,5","Revisar si deben unificarse"
"ARREGLO TAPA DERECHA","2","ARREGLO TAPA PRENSA","1","4","0,5","Revisar si deben unificarse"
"ARREGLO DE GATO","2","ARREGLO DE FAROLA","2","4","0,5","Revisar si deben unificarse"
"CAMBIO DE AEITE","3","CAMBIO DE SWITCH","1","4","0,5","Revisar si deben unificarse"
"ARREGLO DE EXOSTO","2","ARREGLO DE ESPEJO","1","4","0,5","Revisar si deben unificarse"
"ARREGLO DE EXOSTO","2","ARREGLO DE STOP","2","4","0,5","Revisar si deben unificarse"
"ARREGLO DE FUGA","2","ARREGLO DE GATO","2","4","0,5","Revisar si deben unificarse"
"ARREGLO DE FUGA","2","ARREGLO DE ABS","2","4","0,5","Revisar si deben unificarse"
"ARREGLO DE FUGA","2","ARREGLO DE FAROLA","2","4","0,5","Revisar si deben unificarse"
"ARREGLO DE RINES","1","ARREGLO DE BOBINAS","1","4","0,5","Revisar si deben unificarse"
"INSTALACION DE CUNAS","5","INSTALACION DE LLANTAS","4","4","0,5","Revisar si deben unificarse"
"LLANTA","8","LLANTA DEL","2","4","0,5","Revisar si deben unificarse"
"INSTALACION DE LUCES","2","INSTALACION DE COSAS","1","4","0,5","Revisar si deben unificarse"
"INSTALACION DE CUNAS","5","INSTALACION DE PIEZAS","1","4","0,5","Revisar si deben unificarse"
"AJUSTE DE CUNAS","8","AJUSTE DE RIN","1","4","0,5","Revisar si deben unificarse"
"CAMBIO DE CUNAS","11","CAMBIO DE COCUYOS","1","4","0,5","Revisar si deben unificarse"
"CAMBIO DE ACITE","4","CAMBIO DE GATO","1","4","0,5","Revisar si deben unificarse"
"PINTURA DE TAPA","3","PINTURA DE BARRAS","1","4","0,5","Revisar si deben unificarse"
"PINTURA DE TAPA","3","PINTURA DE RIN","2","4","0,5","Revisar si deben unificarse"
"INSTALACION DE LUCES","2","INSTALACION DE DISCOS","1","4","0,5","Revisar si deben unificarse"
"COCUYOS","13","COCUYOS LED","6","4","0,5","Revisar si deben unificarse"
"MEDIAS DE BARRAS","13","MEDIAS PARA BARRAS","6","4","0,5","Revisar si deben unificarse"
"BOMBILLO","9","BOMBILLO LED","5","4","0,5","Revisar si deben unificarse"
"CAMBIO DE CUNAS","11","CAMBIO DE CORONA","4","4","0,5","Revisar si deben unificarse"
"INSTALACION DE COSAS","1","INSTALACION DE DISCOS","1","4","0,5","Revisar si deben unificarse"
"INSTALACION DE PITO","1","INSTALACION DE DISCOS","1","4","0,5","Revisar si deben unificarse"
"INSTALACION DE PITO","1","INSTALACION DE PIEZAS","1","4","0,5","Revisar si deben unificarse"
"INSTALACION DE PIEZAS","1","INSTALACION DE DISCOS","1","4","0,5","Revisar si deben unificarse"
"INSTALACION DE PIEZAS","1","INSTALACION DE COSAS","1","4","0,5","Revisar si deben unificarse"
"CAMBIO DE LLANTA","20","CAMBIO DE GATO","1","4","0,5","Revisar si deben unificarse"
"EMPAQUE TAPA CLUTCH","4","EMPAQUE TAPA CARTER","1","4","0,5","Revisar si deben unificarse"
"PINTURA DE RINES","13","PINTURA DE PESAS","4","4","0,5","Revisar si deben unificarse"
"PINTURA DE RINES","13","PINTURA DE TAPAS","4","4","0,5","Revisar si deben unificarse"
"RETEN DE BARRAS","2","RETEN DE AGUA","1","4","0,5","Revisar si deben unificarse"
"CAMBIO DE ACEIT","3","CAMBIO DE BATERIA","2","4","0,5","Revisar si deben unificarse"
"CAMBIO DE ACEIT","3","CAMBIO DE LUCES","1","4","0,5","Revisar si deben unificarse"
"RETEN DE CARDAN","6","RETEN DE AGUA","1","4","0,5","Revisar si deben unificarse"
"CAMBIO DE LLANTA","20","CAMBIO DE BARRA","2","4","0,5","Revisar si deben unificarse"
"PINTURA DE TANQUE","10","PINTURA DE TAPAS","4","4","0,5","Revisar si deben unificarse"
"PINTURA DE PESAS","4","PINTURA DE TAPA","3","4","0,5","Revisar si deben unificarse"
"CAMBIO DE ACITE","4","CAMBIO DE SWITCH","1","4","0,5","Revisar si deben unificarse"
"PINTURA TAPAS MOTOR","3","PINTURA TAPAS COLA","1","4","0,5","Revisar si deben unificarse"
"PINTURA DE PESAS","4","PINTURA DE BARRAS","1","4","0,5","Revisar si deben unificarse"
"CAMBIO DE CORONA","4","CAMBIO DE BARRA","2","4","0,5","Revisar si deben unificarse"
"PINTURA DE TANQUE","10","PINTURA TAPA TANQUE","2","4","0,5","Revisar si deben unificarse"
"PINTURA DE TANQUE","10","PINTURA DE TAPA","3","4","0,5","Revisar si deben unificarse"
"PINTURA DE MANIJAS","5","PINTURA DE BARRAS","1","4","0,5","Revisar si deben unificarse"
"PINTURA DE MANIJAS","5","PINTURA DE TAPAS","4","4","0,5","Revisar si deben unificarse"
"MANTENIMIENTO DE BARRAS","54","MANTENIMIENTO DE LLANTAS","1","4","0,5","Revisar si deben unificarse"
"CAMBIO DE LUCES","1","CAMBIO DE PLACA","1","4","0,5","Revisar si deben unificarse"
"ARREGLO RIN","7","ARREGLO","2","4","0,5","Revisar si deben unificarse"
"SOLDADURA","4","SOLDADURA RIN","1","4","0,5","Revisar si deben unificarse"
"CAMBIO DE LLANTAS","25","CAMBIO DE CUNAS","11","4","0,5","Revisar si deben unificarse"
"SOLDADURA DE RIN","2","SOLDADURA DE STAY","1","4","0,5","Revisar si deben unificarse"
"ARREGLO ABS","28","ARREGLO","2","4","0,5","Revisar si deben unificarse"
"MANTENIMIENTO DE CADENA","20","MANTENIMIENTO DE TIJERA","3","4","0,5","Revisar si deben unificarse"
"MANTENIMIENTO DE CARDAN","49","MANTENIMIENTO DE MORDAZA","1","4","0,5","Revisar si deben unificarse"
"MANTENIMIENTO DE CARDAN","49","MANTENIMIENTO DE MANDO","1","4","0,5","Revisar si deben unificarse"
"ARREGLO DE RIN","7","ARREGLO DE PRENSA","6","4","0,5","Revisar si deben unificarse"
"FILTRO KYN","2","FILTRO","1","4","0,5","Revisar si deben unificarse"
"CAMBIO DE BOBINA","1","CAMBIO DE ACORONA","1","4","0,5","Revisar si deben unificarse"
"FILTRO DE ACEIT","4","FILTRO DE AORE","1","4","0,5","Revisar si deben unificarse"
"FILTRO DE ACEITE","615","FILTRO DE AORE","1","4","0,5","Revisar si deben unificarse"
"MANTENIMIENTO DE MANDO","1","MANTENIMIENTO DE LLANTA","1","4","0,5","Revisar si deben unificarse"
"CINCADO DE PARTES","3","CINCADO DE RADIOS","2","4","0,5","Revisar si deben unificarse"
"DEPURACION ABS","105","DEPURACION","5","4","0,5","Revisar si deben unificarse"
"FILTRO DE AIRE","193","FILTRO DE ACEIT","4","4","0,5","Revisar si deben unificarse"
"ACEITE","102","ACEITE XTZ","1","4","0,5","Revisar si deben unificarse"
"PASTILLAS","39","PASTILLAS DEL","2","4","0,5","Revisar si deben unificarse"
"FILTRO DE AIRE","193","FILTRO DE ACEITEL","1","4","0,5","Revisar si deben unificarse"
"SOLDADURA DE MULETA","1","SOLDADURA DE TIJERA","1","4","0,5","Revisar si deben unificarse"
"MANTENIMIENTO DE BARRAS","54","MANTENIMIENTO DE BOBINAS","5","4","0,5","Revisar si deben unificarse"
"COCUYO LED","2","COCUYO","2","4","0,5","Revisar si deben unificarse"
"POSAPIE","4","POSAPIE IZQ","1","4","0,5","Revisar si deben unificarse"
"FILTRO DE AIRE","193","FILTRO DE ACEITTE","2","4","0,5","Revisar si deben unificarse"
"SELLOS DE VALVULA","1","SELLOS DE AGUA","1","4","0,5","Revisar si deben unificarse"
"ARREGLO DE RIN","7","ARREGLO DE FUGA","2","4","0,5","Revisar si deben unificarse"
"ARREGLO DE TAPAS","5","ARREGLO DE PITOS","1","4","0,5","Revisar si deben unificarse"
"ARREGLO DE TAPAS","5","ARREGLO DE FUGA","2","4","0,5","Revisar si deben unificarse"
"BOMBILLOS LED","10","BOMBILLOS","4","4","0,5","Revisar si deben unificarse"
"CAMBIO DE LLANTAS","25","CAMBIO DE GUAYAS","2","4","0,5","Revisar si deben unificarse"
"ARREGLO DE PRENSA","6","ARREGLO TAPA PRENSA","1","4","0,5","Revisar si deben unificarse"
"MANTENIMIENTO DE BARRA","54","MANTENIMIENTO DE LLANTA","1","4","0,5","Revisar si deben unificarse"
"SOPORTE","2","SOPORTE GPS","1","4","0,5","Revisar si deben unificarse"
"ARREGLO DE TAPAS","5","ARREGLO DE RINES","1","4","0,5","Revisar si deben unificarse"
"MANTENIMIENTO DE BARRA","54","MANTENIMIENTO DE MANDO","1","4","0,5","Revisar si deben unificarse"
"ARREGLO DE TAPAS","5","ARREGLO DE GATO","2","4","0,5","Revisar si deben unificarse"
"ARREGLO DE TAPAS","5","ARREGLO DE STOP","2","4","0,5","Revisar si deben unificarse"
"ARREGLO DE TAPAS","5","ARREGLO DE MANDO","2","4","0,5","Revisar si deben unificarse"
"CAMBIO DE GUAYAS","2","CAMBIO DE PLACA","1","4","0,5","Revisar si deben unificarse"
"ARREGLO DE RIN","7","ARREGLO DE MANDO","2","4","0,5","Revisar si deben unificarse"
"ARREGLO DE RIN","7","ARREGLO DE STOP","2","4","0,5","Revisar si deben unificarse"
"ARREGLO DE RIN","7","ARREGLO DE BOBINA","2","4","0,5","Revisar si deben unificarse"
"MANTENIMIENTO DE BARRA","54","MANTENIMIENTO DE TIJERA","3","4","0,5","Revisar si deben unificarse"
"ARREGLO DE RIN","7","ARREGLO DE GATO","2","4","0,5","Revisar si deben unificarse"
"MANTENIMIENTO DE BARRA","54","MANTENIMIENTO DE CADENA","20","4","0,5","Revisar si deben unificarse"
"ARREGLO DE PRENSA","6","ARREGLO DE RINES","1","4","0,5","Revisar si deben unificarse"
"ARREGLO DE PRENSA","6","ARREGLO DE PITOS","1","4","0,5","Revisar si deben unificarse"
"ARREGLO DE PRENSA","6","ARREGLO DE DEFENSAS","1","4","0,5","Revisar si deben unificarse"
"CAMBIO DE GATO","1","CAMBIO DE PLACA","1","4","0,5","Revisar si deben unificarse"
"ARREGLO DE RIN","7","ARREGLO DE PITOS","1","4","0,5","Revisar si deben unificarse"
"FILTRO DE ACITE","3","FILTRO DE AORE","1","3","0,5","Revisar si deben unificarse"
"MANTENIMIENTO RETEN DE CLUTCH","2","MANTENIMIENTO Y RTEN DE CLUTCH","1","3","0,5","Revisar si deben unificarse"
"FILTRO DE ACEIE","2","FILTRO DE AORE","1","3","0,5","Revisar si deben unificarse"
"MANTENIMIENTO DE BARRA","54","MANTENIMIENTO DE CARDAN","49","3","0,5","Revisar si deben unificarse"
"PINTURA DE TAPAS","4","PINTURA DE BARRAS","1","3","0,5","Revisar si deben unificarse"
"CAMBIO DE LLANTA","20","CAMBIO DE PLACA","1","3","0,5","Revisar si deben unificarse"
"MANTENIMIENTO DE BARRAS","54","MANTENIMIENTO DE CARDAN","49","3","0,5","Revisar si deben unificarse"
"INSTALACION DE CUNAS","5","INSTALACION DE LUCES","2","3","0,5","Revisar si deben unificarse"
"MANTENIMIENTO DE CARDAN","49","MANTENIMIENTO DE CADENA","20","3","0,5","Revisar si deben unificarse"
"CAMBIO DE ACEITE 7100","4","CAMBIO DE ACEITE 10 50","2","3","0,5","Revisar si deben unificarse"
"FILTRO DE AIRE","193","FILTRO DE ACEIE","2","3","0,5","Revisar si deben unificarse"
"CAMBIO DE CORONA","4","CAMBIO DE BOBINA","1","3","0,5","Revisar si deben unificarse"
"PINTURA DE TAPAS","4","PINTURA DE PESAS","4","3","0,5","Revisar si deben unificarse"
"PINTURA DE MANIJAS","5","PINTURA DE MANZANAS","2","3","0,5","Revisar si deben unificarse"
"CAMBIO DE ACEIRE","3","CAMBIO DE ACIETE","2","3","0,5","Revisar si deben unificarse"
"ARREGLO DE RINES","1","ARREGLO DE PITOS","1","3","0,5","Revisar si deben unificarse"
"ARREGLO DE RIN","7","ARREGLO DE ABS","2","3","0,5","Revisar si deben unificarse"
"CAMBIO DE CUNAS","11","CAMBIO DE LUCES","1","3","0,5","Revisar si deben unificarse"
"FILTRO DE AEITE","2","FILTRO DE AORE","1","3","0,5","Revisar si deben unificarse"
"BOMBILLO","9","BOMBILLO H7","2","3","0,5","Revisar si deben unificarse"
"BOMBILLO","9","BOMBILLO H4","3","3","0,5","Revisar si deben unificarse"
"ARREGLO DE GATO","2","ARREGLO DE STOP","2","3","0,5","Revisar si deben unificarse"
"ARREGLO DE GATO","2","ARREGLO DE PITOS","1","3","0,5","Revisar si deben unificarse"
"ARREGLO DE GATO","2","ARREGLO DE MANDO","2","3","0,5","Revisar si deben unificarse"
"FILTRO DE ACEITE","615","FILTRO DE AIRE","193","3","0,5","Revisar si deben unificarse"
"ARREGLO DE GATO","2","ARREGLO DE ABS","2","3","0,5","Revisar si deben unificarse"
"MANTENIMIENTO RETEN DE CLUTCH","2","MANTENIMIENTO Y RETEN DE LUTCH","1","3","0,5","Revisar si deben unificarse"
"CAMBIO DE CUNAS","11","CAMBIO DE GUAYAS","2","3","0,5","Revisar si deben unificarse"
"CAMBIO DE BARRA","2","CAMBIO DE BATERIA","2","3","0,5","Revisar si deben unificarse"
"FILTROD E ACEITE","3","FILTROD E AIRE","2","3","0,5","Revisar si deben unificarse"
"ARREGLO DE STOP","2","ARREGLO DE PITOS","1","3","0,5","Revisar si deben unificarse"
"ARREGLO DE TAPAS","5","ARREGLO DE ABS","2","3","0,5","Revisar si deben unificarse"
"CAMBIO DE ACEIT","3","CAMBIO DE ACIETE","2","3","0,5","Revisar si deben unificarse"
"RETEN DE BARRA","27","RETEN DE AGUA","1","3","0,5","Revisar si deben unificarse"
"RETEN DE BARRA","27","RETEN DE CARDAN","6","3","0,5","Revisar si deben unificarse"
"ARREGLO DE TAPAS","5","ARREGLO DE BARRAS","3","3","0,5","Revisar si deben unificarse"
"RETEN DE CARDAN","6","RETEN DE BARRAS","2","3","0,5","Revisar si deben unificarse"
"ARREGLO 1 BOBINA","4","ARREGLO DE BOBINA","2","2","0,5","Revisar si deben unificarse"
"FILTRO DE ACEITTE","2","FILTRO DE ACEITEL","1","2","0,5","Revisar si deben unificarse"
"FILTRO DE ACEITTE","2","FILTRO DE AEITE","2","2","0,5","Revisar si deben unificarse"
"MANO DE OPBRA","1","MANO DE BRA","1","2","0,5","Revisar si deben unificarse"
"CAMBIO DE ACEITE 20W50","8","CAMBIO DE ACEITE 10 50","2","2","0,5","Revisar si deben unificarse"
"FILTRO DE ACEIE","2","FILTRO DE ACEITEL","1","2","0,5","Revisar si deben unificarse"
"TAPIZADO DE SILLA","6","TAPIZADO DE SILLIN","1","2","0,5","Revisar si deben unificarse"
"FILTRO DE ACEIE","2","FILTRO DE AEITE","2","2","0,5","Revisar si deben unificarse"
"FILTRO DE AEITE","2","FILTRO DE ACEITEL","1","2","0,5","Revisar si deben unificarse"
"FILTRO DE ACITE","3","FILTRO DE ACEITEL","1","2","0,5","Revisar si deben unificarse"
"INSTALACION DE CUNAS","5","INSTALACION DE COSAS","1","2","0,5","Revisar si deben unificarse"
"FILTRO DE ACEIE","2","FILTRO DE ACEITTE","2","2","0,5","Revisar si deben unificarse"
"TAPIZADO DE SILLAS","4","TAPIZADO DE SILLIN","1","2","0,5","Revisar si deben unificarse"
"CAMBIO DE ACEITE 10W40","12","CAMBIO DE ACEITE 10 50","2","2","0,5","Revisar si deben unificarse"
"CAMBIO DE ACEIT","3","CAMBIO DE ACEIRE","3","2","0,5","Revisar si deben unificarse"
"CAMBIO DE ACEIT","3","CAMBIO DE AEITE","3","2","0,5","Revisar si deben unificarse"
"CENTRADA DE RINES","4","CENTRADA DE RIN","3","2","0,5","Revisar si deben unificarse"
"FILTRO DE AIRE","193","FILTRO DE ACITE","3","2","0,5","Revisar si deben unificarse"
"PINTURA DE RINES","13","PINTURA DE RIN","2","2","0,5","Revisar si deben unificarse"
"CAMBIO DE ACEITE","633","CAMBIO DE ACIETE","2","2","0,5","Revisar si deben unificarse"
"ARREGLO 2 BOBINAS","3","ARREGLO DE BOBINAS","1","2","0,5","Revisar si deben unificarse"
"CAMBIO DE ACEITE 15W50","2","CAMBIO DE ACEITE 10 50","2","2","0,5","Revisar si deben unificarse"
"ARREGLO 3 BOBINAS","3","ARREGLO DE BOBINAS","1","2","0,5","Revisar si deben unificarse"
"CAMBIO DE ACEIRE","3","CAMBIO DE AEITE","3","2","0,5","Revisar si deben unificarse"
"CAMBIO DE AEITE","3","CAMBIO DE ACIETE","2","2","0,5","Revisar si deben unificarse"
"ARREGLO DE RIN","7","ARREGLO DE RINES","1","2","0,5","Revisar si deben unificarse"
"FILTRO DE AIRE","193","FILTRO DE AEITE","2","2","0,5","Revisar si deben unificarse"
"FILTRO DE ACEIT","4","FILTRO DE ACEITTE","2","2","0,5","Revisar si deben unificarse"
"FILTRO DE ACITE","3","FILTRO DE ACEIE","2","2","0,5","Revisar si deben unificarse"
"CAMBIO DE ACITE","4","CAMBIO DE ACEIT","3","2","0,5","Revisar si deben unificarse"
"FILTRO DE ACEIT","4","FILTRO DE ACEITEL","1","2","0,5","Revisar si deben unificarse"
"CAMBIO DE ACITE","4","CAMBIO DE ACEIRE","3","2","0,5","Revisar si deben unificarse"
"FILTRO DE ACITE","3","FILTRO DE ACEITTE","2","2","0,5","Revisar si deben unificarse"
"FILTRO DE ACEIT","4","FILTRO DE AEITE","2","2","0,5","Revisar si deben unificarse"
"FILTRO DE ACEIT","4","FILTRO DE ACITE","3","2","0,5","Revisar si deben unificarse"
"BRILLO DE EXOSTO","6","BRILLO DE EXOSTOS","3","1","0,5","Revisar si deben unificarse"
"LUBRICANTE DE CADENA","6","LUBRICANTE DE VADENA","1","1","0,5","Revisar si deben unificarse"
"MANO DE OBRA","401","MANO DE OPBRA","1","1","0,5","Revisar si deben unificarse"
"LUBRICACION DE CADENA","8","LUBRICACION DE CADENE","1","1","0,5","Revisar si deben unificarse"
"CAMBIO DE ACEITE","633","CAMBIO DE ACITE","4","1","0,5","Revisar si deben unificarse"
"CAMBIO DE ACEITE","633","CAMBIO DE ACEIT","3","1","0,5","Revisar si deben unificarse"
"CAMBIO DE ACEITE","633","CAMBIO DE ACEIRE","3","1","0,5","Revisar si deben unificarse"
"CAMBIO DE ACEITE","633","CAMBIO DE AEITE","3","1","0,5","Revisar si deben unificarse"
"EXTRACCION DE TORNILLO","7","EXTRACCION DE TORNILLOS","7","1","0,5","Revisar si deben unificarse"
"CAMBIO DE LLANTAS","25","CAMBIO DE LLANTA","20","1","0,5","Revisar si deben unificarse"
"TAPON DE ACEITE","4","TAPON DE ACEITET","1","1","0,5","Revisar si deben unificarse"
"POLICHADO DE TANQUE","4","POLICHADO DE TTANQUE","1","1","0,5","Revisar si deben unificarse"
"SENTADA DE VALVULAS","54","SENTADA DE VALVULA","2","1","0,5","Revisar si deben unificarse"
"FILTRO DE ACEITE","615","FILTRO DE AEITE","2","1","0,5","Revisar si deben unificarse"
"ACEITE MOTUL 7100","3","ACEITE MOTUL 5100","2","1","0,5","Revisar si deben unificarse"
"TENSION DE CADENA","57","TENSION DE CADEMA","1","1","0,5","Revisar si deben unificarse"
"SELLOS DE VALVULAS","41","SELLOS DE VALVULA","1","1","0,5","Revisar si deben unificarse"
"KIT DE ARRASTRE","32","KIT DE ARRATRE","1","1","0,5","Revisar si deben unificarse"
"KIT DE ARRASTRE","32","KIT DE ARRSTRE","1","1","0,5","Revisar si deben unificarse"
"FILTRO DE ACEITE","615","FILTRO DE ACEITTE","2","1","0,5","Revisar si deben unificarse"
"FILTRO DE ACEITE","615","FILTRO DE ACEIE","2","1","0,5","Revisar si deben unificarse"
"MANTENIMIENTO DE BARRAS","54","MANTENIMIENTO DE BARRA","54","1","0,5","Revisar si deben unificarse"
"FILTRO DE ACITE","3","FILTRO DE AEITE","2","1","0,5","Revisar si deben unificarse"
"MANO DE OBRA","401","MANO DE BRA","1","1","0,5","Revisar si deben unificarse"
"MANO DE BRA","1","MANO DEO BRA","1","1","0,5","Revisar si deben unificarse"
"FILTRO DE ACEIT","4","FILTRO DE ACEIE","2","1","0,5","Revisar si deben unificarse"
"MANTENIMIENTO DE LLANTAS","1","MANTENIMIENTO DE LLANTA","1","1","0,5","Revisar si deben unificarse"
"FILTRO DE ACEITE","615","FILTRO DE ACEITEL","1","1","0,5","Revisar si deben unificarse"
"FILTRO DE AIRE","193","FILTRO DE AORE","1","1","0,5","Revisar si deben unificarse"
"MANTENIMIENTO DE MORDAZAS","1","MANTENIMIENTO DE MORDAZA","1","1","0,5","Revisar si deben unificarse"
"KIT DE ARRATRE","1","KIT DE ARRSTRE","1","1","0,5","Revisar si deben unificarse"
"CAMBIO DE ACITE","4","CAMBIO DE ACIETE","2","1","0,5","Revisar si deben unificarse"
"CAMBIO DE ACITE","4","CAMBIO DE AEITE","3","1","0,5","Revisar si deben unificarse"
"PINTURA DE TAPAS","4","PINTURA DE TAPA","3","1","0,5","Revisar si deben unificarse"
"PINTURA GUARDABARRO DELANTERO","3","PINTURA GUASRDABARRO DELANTERO","1","1","0,5","Revisar si deben unificarse"
"CAMBIO DE REFRIGERANTE","4","CAMBIO DE REFRIGERATNTE","1","1","0,5","Revisar si deben unificarse"
"TAPIZADO DE SILLA","6","TAPIZADO DE SILLAS","4","1","0,5","Revisar si deben unificarse"
"TAPIZADO DE SILLAS","4","TAPIZADO SE SILLAS","1","1","0,5","Revisar si deben unificarse"
"INSTALACION DE LLANTA","5","INSTALACION DE LLANTAS","4","1","0,5","Revisar si deben unificarse"
"MEDIAS DE BARRAS","13","MEDIAS DE BRRAS","1","1","0,5","Revisar si deben unificarse"
"CAMBIO DE EXPLORADORAS","2","CAMBIO DE EXPLORADORA","1","1","0,5","Revisar si deben unificarse"
"ARREGLO 3 BOBINAS","3","ARREGLO 2 BOBINAS","3","1","0,5","Revisar si deben unificarse"
"FILTRO DE ACEITE","615","FILTRO DE ACITE","3","1","0,5","Revisar si deben unificarse"
"FILTRO DE ACEITE","615","FILTRO DE ACEIT","4","1","0,5","Revisar si deben unificarse"
"CAMBIO PASTILLAS TRASERAS","2","CAMBIO PASTILLAS TRRASERAS","1","1","0,5","Revisar si deben unificarse"
"CAMBIO DE ACEITE 10W50","3","CAMBIO DE ACEITE 10 50","2","1","0,5","Revisar si deben unificarse"
"CAMBIO DE CORONA","4","CAMBIO DE ACORONA","1","1","0,5","Revisar si deben unificarse"
"ARREGLO DE BOBINA","2","ARREGLO DE BOBINAS","1","1","0,5","Revisar si deben unificarse"
"RETEN DE BARRA","27","RETEN DE BARRAS","2","1","0,5","Revisar si deben unificarse"
